year,Industry,Value
Mar-97,"Agriculture, forestry & fishing",464000
Jun-97,"Agriculture, forestry & fishing",499000
Sep-97,"Agriculture, forestry & fishing",516000
Dec-97,"Agriculture, forestry & fishing",480000
Mar-98,"Agriculture, forestry & fishing",468000
Jun-98,"Agriculture, forestry & fishing",476000
Sep-98,"Agriculture, forestry & fishing",463000
Dec-98,"Agriculture, forestry & fishing",424000
Mar-99,"Agriculture, forestry & fishing",422000
Jun-99,"Agriculture, forestry & fishing",425000
Sep-99,"Agriculture, forestry & fishing",436000
Dec-99,"Agriculture, forestry & fishing",400000
Mar-00,"Agriculture, forestry & fishing",390000
Jun-00,"Agriculture, forestry & fishing",399000
Sep-00,"Agriculture, forestry & fishing",399000
Dec-00,"Agriculture, forestry & fishing",376000
Mar-01,"Agriculture, forestry & fishing",356000
Jun-01,"Agriculture, forestry & fishing",361000
Sep-01,"Agriculture, forestry & fishing",371000
Dec-01,"Agriculture, forestry & fishing",363000
Mar-02,"Agriculture, forestry & fishing",368000
Jun-02,"Agriculture, forestry & fishing",363000
Sep-02,"Agriculture, forestry & fishing",354000
Dec-02,"Agriculture, forestry & fishing",336000
Mar-03,"Agriculture, forestry & fishing",337000
Jun-03,"Agriculture, forestry & fishing",347000
Sep-03,"Agriculture, forestry & fishing",371000
Dec-03,"Agriculture, forestry & fishing",371000
Mar-04,"Agriculture, forestry & fishing",356000
Jun-04,"Agriculture, forestry & fishing",356000
Sep-04,"Agriculture, forestry & fishing",373000
Dec-04,"Agriculture, forestry & fishing",374000
Mar-05,"Agriculture, forestry & fishing",396000
Jun-05,"Agriculture, forestry & fishing",387000
Sep-05,"Agriculture, forestry & fishing",386000
Dec-05,"Agriculture, forestry & fishing",386000
Mar-06,"Agriculture, forestry & fishing",373000
Jun-06,"Agriculture, forestry & fishing",379000
Sep-06,"Agriculture, forestry & fishing",378000
Dec-06,"Agriculture, forestry & fishing",387000
Mar-07,"Agriculture, forestry & fishing",375000
Jun-07,"Agriculture, forestry & fishing",374000
Sep-07,"Agriculture, forestry & fishing",381000
Dec-07,"Agriculture, forestry & fishing",376000
Mar-08,"Agriculture, forestry & fishing",386000
Jun-08,"Agriculture, forestry & fishing",399000
Sep-08,"Agriculture, forestry & fishing",392000
Dec-08,"Agriculture, forestry & fishing",388000
Mar-09,"Agriculture, forestry & fishing",383000
Jun-09,"Agriculture, forestry & fishing",388000
Sep-09,"Agriculture, forestry & fishing",401000
Dec-09,"Agriculture, forestry & fishing",381000
Mar-10,"Agriculture, forestry & fishing",397000
Jun-10,"Agriculture, forestry & fishing",418000
Sep-10,"Agriculture, forestry & fishing",412000
Dec-10,"Agriculture, forestry & fishing",439000
Mar-11,"Agriculture, forestry & fishing",402000
Jun-11,"Agriculture, forestry & fishing",403000
Sep-11,"Agriculture, forestry & fishing",436000
Dec-11,"Agriculture, forestry & fishing",434000
Mar-12,"Agriculture, forestry & fishing",428000
Jun-12,"Agriculture, forestry & fishing",425000
Sep-12,"Agriculture, forestry & fishing",406000
Dec-12,"Agriculture, forestry & fishing",380000
Mar-13,"Agriculture, forestry & fishing",372000
Jun-13,"Agriculture, forestry & fishing",379000
Sep-13,"Agriculture, forestry & fishing",375000
Dec-13,"Agriculture, forestry & fishing",414000
Mar-14,"Agriculture, forestry & fishing",447000
Jun-14,"Agriculture, forestry & fishing",436000
Sep-14,"Agriculture, forestry & fishing",444000
Dec-14,"Agriculture, forestry & fishing",420000
Mar-15,"Agriculture, forestry & fishing",391000
Jun-15,"Agriculture, forestry & fishing",387000
Sep-15,"Agriculture, forestry & fishing",428000
Dec-15,"Agriculture, forestry & fishing",417000
Mar-16,"Agriculture, forestry & fishing",402000
Jun-16,"Agriculture, forestry & fishing",383000
Sep-16,"Agriculture, forestry & fishing",404000
Dec-16,"Agriculture, forestry & fishing",414000
Mar-17,"Agriculture, forestry & fishing",420000
Jun-17,"Agriculture, forestry & fishing",405000
Sep-17,"Agriculture, forestry & fishing",417000
Dec-17,"Agriculture, forestry & fishing",420000
Mar-18,"Agriculture, forestry & fishing",412000
Jun-18,"Agriculture, forestry & fishing",407000
Sep-18,"Agriculture, forestry & fishing",412000
Dec-18,"Agriculture, forestry & fishing",381000
Mar-19,"Agriculture, forestry & fishing",387000
Jun-19,"Agriculture, forestry & fishing",398000
Sep-19,"Agriculture, forestry & fishing",405000
Dec-19,"Agriculture, forestry & fishing",407000
Mar-20,"Agriculture, forestry & fishing",381000
Jun-20,"Agriculture, forestry & fishing",375000
Sep-20,"Agriculture, forestry & fishing",415000
Dec-20,"Agriculture, forestry & fishing",370000
Mar-21,"Agriculture, forestry & fishing",368000
Jun-21,"Agriculture, forestry & fishing",358000
Sep-21,"Agriculture, forestry & fishing",367000
Dec-21,"Agriculture, forestry & fishing",343000
Mar-97,Mining & quarrying,81000
Jun-97,Mining & quarrying,81000
Sep-97,Mining & quarrying,79000
Dec-97,Mining & quarrying,78000
Mar-98,Mining & quarrying,78000
Jun-98,Mining & quarrying,76000
Sep-98,Mining & quarrying,76000
Dec-98,Mining & quarrying,78000
Mar-99,Mining & quarrying,77000
Jun-99,Mining & quarrying,76000
Sep-99,Mining & quarrying,76000
Dec-99,Mining & quarrying,75000
Mar-00,Mining & quarrying,76000
Jun-00,Mining & quarrying,78000
Sep-00,Mining & quarrying,76000
Dec-00,Mining & quarrying,75000
Mar-01,Mining & quarrying,76000
Jun-01,Mining & quarrying,75000
Sep-01,Mining & quarrying,76000
Dec-01,Mining & quarrying,74000
Mar-02,Mining & quarrying,74000
Jun-02,Mining & quarrying,70000
Sep-02,Mining & quarrying,67000
Dec-02,Mining & quarrying,64000
Mar-03,Mining & quarrying,63000
Jun-03,Mining & quarrying,61000
Sep-03,Mining & quarrying,61000
Dec-03,Mining & quarrying,60000
Mar-04,Mining & quarrying,57000
Jun-04,Mining & quarrying,58000
Sep-04,Mining & quarrying,62000
Dec-04,Mining & quarrying,59000
Mar-05,Mining & quarrying,58000
Jun-05,Mining & quarrying,59000
Sep-05,Mining & quarrying,60000
Dec-05,Mining & quarrying,61000
Mar-06,Mining & quarrying,58000
Jun-06,Mining & quarrying,63000
Sep-06,Mining & quarrying,69000
Dec-06,Mining & quarrying,66000
Mar-07,Mining & quarrying,66000
Jun-07,Mining & quarrying,69000
Sep-07,Mining & quarrying,70000
Dec-07,Mining & quarrying,67000
Mar-08,Mining & quarrying,67000
Jun-08,Mining & quarrying,67000
Sep-08,Mining & quarrying,66000
Dec-08,Mining & quarrying,59000
Mar-09,Mining & quarrying,66000
Jun-09,Mining & quarrying,61000
Sep-09,Mining & quarrying,64000
Dec-09,Mining & quarrying,62000
Mar-10,Mining & quarrying,61000
Jun-10,Mining & quarrying,61000
Sep-10,Mining & quarrying,65000
Dec-10,Mining & quarrying,64000
Mar-11,Mining & quarrying,62000
Jun-11,Mining & quarrying,61000
Sep-11,Mining & quarrying,65000
Dec-11,Mining & quarrying,67000
Mar-12,Mining & quarrying,73000
Jun-12,Mining & quarrying,78000
Sep-12,Mining & quarrying,78000
Dec-12,Mining & quarrying,72000
Mar-13,Mining & quarrying,71000
Jun-13,Mining & quarrying,69000
Sep-13,Mining & quarrying,68000
Dec-13,Mining & quarrying,71000
Mar-14,Mining & quarrying,67000
Jun-14,Mining & quarrying,66000
Sep-14,Mining & quarrying,68000
Dec-14,Mining & quarrying,69000
Mar-15,Mining & quarrying,75000
Jun-15,Mining & quarrying,74000
Sep-15,Mining & quarrying,67000
Dec-15,Mining & quarrying,65000
Mar-16,Mining & quarrying,64000
Jun-16,Mining & quarrying,62000
Sep-16,Mining & quarrying,62000
Dec-16,Mining & quarrying,60000
Mar-17,Mining & quarrying,57000
Jun-17,Mining & quarrying,59000
Sep-17,Mining & quarrying,57000
Dec-17,Mining & quarrying,59000
Mar-18,Mining & quarrying,62000
Jun-18,Mining & quarrying,63000
Sep-18,Mining & quarrying,61000
Dec-18,Mining & quarrying,59000
Mar-19,Mining & quarrying,62000
Jun-19,Mining & quarrying,61000
Sep-19,Mining & quarrying,61000
Dec-19,Mining & quarrying,62000
Mar-20,Mining & quarrying,68000
Jun-20,Mining & quarrying,61000
Sep-20,Mining & quarrying,54000
Dec-20,Mining & quarrying,55000
Mar-21,Mining & quarrying,58000
Jun-21,Mining & quarrying,60000
Sep-21,Mining & quarrying,60000
Dec-21,Mining & quarrying,57000
Mar-97,Manufacturing,4249000
Jun-97,Manufacturing,4280000
Sep-97,Manufacturing,4284000
Dec-97,Manufacturing,4309000
Mar-98,Manufacturing,4303000
Jun-98,Manufacturing,4295000
Sep-98,Manufacturing,4303000
Dec-98,Manufacturing,4238000
Mar-99,Manufacturing,4163000
Jun-99,Manufacturing,4124000
Sep-99,Manufacturing,4108000
Dec-99,Manufacturing,4089000
Mar-00,Manufacturing,4043000
Jun-00,Manufacturing,4000000
Sep-00,Manufacturing,3966000
Dec-00,Manufacturing,3906000
Mar-01,Manufacturing,3875000
Jun-01,Manufacturing,3830000
Sep-01,Manufacturing,3780000
Dec-01,Manufacturing,3727000
Mar-02,Manufacturing,3673000
Jun-02,Manufacturing,3635000
Sep-02,Manufacturing,3588000
Dec-02,Manufacturing,3536000
Mar-03,Manufacturing,3495000
Jun-03,Manufacturing,3437000
Sep-03,Manufacturing,3408000
Dec-03,Manufacturing,3354000
Mar-04,Manufacturing,3313000
Jun-04,Manufacturing,3289000
Sep-04,Manufacturing,3241000
Dec-04,Manufacturing,3206000
Mar-05,Manufacturing,3172000
Jun-05,Manufacturing,3120000
Sep-05,Manufacturing,3102000
Dec-05,Manufacturing,3085000
Mar-06,Manufacturing,3040000
Jun-06,Manufacturing,3024000
Sep-06,Manufacturing,3021000
Dec-06,Manufacturing,2999000
Mar-07,Manufacturing,2985000
Jun-07,Manufacturing,2984000
Sep-07,Manufacturing,2976000
Dec-07,Manufacturing,2931000
Mar-08,Manufacturing,2905000
Jun-08,Manufacturing,2883000
Sep-08,Manufacturing,2851000
Dec-08,Manufacturing,2694000
Mar-09,Manufacturing,2686000
Jun-09,Manufacturing,2657000
Sep-09,Manufacturing,2642000
Dec-09,Manufacturing,2621000
Mar-10,Manufacturing,2570000
Jun-10,Manufacturing,2570000
Sep-10,Manufacturing,2568000
Dec-10,Manufacturing,2566000
Mar-11,Manufacturing,2560000
Jun-11,Manufacturing,2564000
Sep-11,Manufacturing,2569000
Dec-11,Manufacturing,2538000
Mar-12,Manufacturing,2579000
Jun-12,Manufacturing,2603000
Sep-12,Manufacturing,2589000
Dec-12,Manufacturing,2546000
Mar-13,Manufacturing,2546000
Jun-13,Manufacturing,2560000
Sep-13,Manufacturing,2578000
Dec-13,Manufacturing,2574000
Mar-14,Manufacturing,2581000
Jun-14,Manufacturing,2620000
Sep-14,Manufacturing,2643000
Dec-14,Manufacturing,2628000
Mar-15,Manufacturing,2650000
Jun-15,Manufacturing,2641000
Sep-15,Manufacturing,2623000
Dec-15,Manufacturing,2623000
Mar-16,Manufacturing,2637000
Jun-16,Manufacturing,2655000
Sep-16,Manufacturing,2628000
Dec-16,Manufacturing,2630000
Mar-17,Manufacturing,2650000
Jun-17,Manufacturing,2681000
Sep-17,Manufacturing,2694000
Dec-17,Manufacturing,2696000
Mar-18,Manufacturing,2697000
Jun-18,Manufacturing,2717000
Sep-18,Manufacturing,2701000
Dec-18,Manufacturing,2680000
Mar-19,Manufacturing,2704000
Jun-19,Manufacturing,2692000
Sep-19,Manufacturing,2693000
Dec-19,Manufacturing,2673000
Mar-20,Manufacturing,2680000
Jun-20,Manufacturing,2623000
Sep-20,Manufacturing,2569000
Dec-20,Manufacturing,2554000
Mar-21,Manufacturing,2533000
Jun-21,Manufacturing,2545000
Sep-21,Manufacturing,2532000
Dec-21,Manufacturing,2544000
Mar-97,"Electricity, gas, steam & air conditioning supply ",108000
Jun-97,"Electricity, gas, steam & air conditioning supply ",108000
Sep-97,"Electricity, gas, steam & air conditioning supply ",106000
Dec-97,"Electricity, gas, steam & air conditioning supply ",106000
Mar-98,"Electricity, gas, steam & air conditioning supply ",106000
Jun-98,"Electricity, gas, steam & air conditioning supply ",105000
Sep-98,"Electricity, gas, steam & air conditioning supply ",105000
Dec-98,"Electricity, gas, steam & air conditioning supply ",104000
Mar-99,"Electricity, gas, steam & air conditioning supply ",102000
Jun-99,"Electricity, gas, steam & air conditioning supply ",102000
Sep-99,"Electricity, gas, steam & air conditioning supply ",99000
Dec-99,"Electricity, gas, steam & air conditioning supply ",96000
Mar-00,"Electricity, gas, steam & air conditioning supply ",96000
Jun-00,"Electricity, gas, steam & air conditioning supply ",95000
Sep-00,"Electricity, gas, steam & air conditioning supply ",95000
Dec-00,"Electricity, gas, steam & air conditioning supply ",99000
Mar-01,"Electricity, gas, steam & air conditioning supply ",100000
Jun-01,"Electricity, gas, steam & air conditioning supply ",102000
Sep-01,"Electricity, gas, steam & air conditioning supply ",102000
Dec-01,"Electricity, gas, steam & air conditioning supply ",102000
Mar-02,"Electricity, gas, steam & air conditioning supply ",102000
Jun-02,"Electricity, gas, steam & air conditioning supply ",100000
Sep-02,"Electricity, gas, steam & air conditioning supply ",96000
Dec-02,"Electricity, gas, steam & air conditioning supply ",94000
Mar-03,"Electricity, gas, steam & air conditioning supply ",92000
Jun-03,"Electricity, gas, steam & air conditioning supply ",93000
Sep-03,"Electricity, gas, steam & air conditioning supply ",92000
Dec-03,"Electricity, gas, steam & air conditioning supply ",90000
Mar-04,"Electricity, gas, steam & air conditioning supply ",88000
Jun-04,"Electricity, gas, steam & air conditioning supply ",83000
Sep-04,"Electricity, gas, steam & air conditioning supply ",80000
Dec-04,"Electricity, gas, steam & air conditioning supply ",77000
Mar-05,"Electricity, gas, steam & air conditioning supply ",75000
Jun-05,"Electricity, gas, steam & air conditioning supply ",73000
Sep-05,"Electricity, gas, steam & air conditioning supply ",75000
Dec-05,"Electricity, gas, steam & air conditioning supply ",73000
Mar-06,"Electricity, gas, steam & air conditioning supply ",73000
Jun-06,"Electricity, gas, steam & air conditioning supply ",77000
Sep-06,"Electricity, gas, steam & air conditioning supply ",79000
Dec-06,"Electricity, gas, steam & air conditioning supply ",83000
Mar-07,"Electricity, gas, steam & air conditioning supply ",85000
Jun-07,"Electricity, gas, steam & air conditioning supply ",85000
Sep-07,"Electricity, gas, steam & air conditioning supply ",88000
Dec-07,"Electricity, gas, steam & air conditioning supply ",85000
Mar-08,"Electricity, gas, steam & air conditioning supply ",86000
Jun-08,"Electricity, gas, steam & air conditioning supply ",86000
Sep-08,"Electricity, gas, steam & air conditioning supply ",86000
Dec-08,"Electricity, gas, steam & air conditioning supply ",92000
Mar-09,"Electricity, gas, steam & air conditioning supply ",103000
Jun-09,"Electricity, gas, steam & air conditioning supply ",108000
Sep-09,"Electricity, gas, steam & air conditioning supply ",118000
Dec-09,"Electricity, gas, steam & air conditioning supply ",114000
Mar-10,"Electricity, gas, steam & air conditioning supply ",130000
Jun-10,"Electricity, gas, steam & air conditioning supply ",134000
Sep-10,"Electricity, gas, steam & air conditioning supply ",122000
Dec-10,"Electricity, gas, steam & air conditioning supply ",121000
Mar-11,"Electricity, gas, steam & air conditioning supply ",131000
Jun-11,"Electricity, gas, steam & air conditioning supply ",121000
Sep-11,"Electricity, gas, steam & air conditioning supply ",122000
Dec-11,"Electricity, gas, steam & air conditioning supply ",121000
Mar-12,"Electricity, gas, steam & air conditioning supply ",122000
Jun-12,"Electricity, gas, steam & air conditioning supply ",123000
Sep-12,"Electricity, gas, steam & air conditioning supply ",126000
Dec-12,"Electricity, gas, steam & air conditioning supply ",120000
Mar-13,"Electricity, gas, steam & air conditioning supply ",126000
Jun-13,"Electricity, gas, steam & air conditioning supply ",122000
Sep-13,"Electricity, gas, steam & air conditioning supply ",121000
Dec-13,"Electricity, gas, steam & air conditioning supply ",122000
Mar-14,"Electricity, gas, steam & air conditioning supply ",120000
Jun-14,"Electricity, gas, steam & air conditioning supply ",115000
Sep-14,"Electricity, gas, steam & air conditioning supply ",122000
Dec-14,"Electricity, gas, steam & air conditioning supply ",125000
Mar-15,"Electricity, gas, steam & air conditioning supply ",132000
Jun-15,"Electricity, gas, steam & air conditioning supply ",133000
Sep-15,"Electricity, gas, steam & air conditioning supply ",134000
Dec-15,"Electricity, gas, steam & air conditioning supply ",140000
Mar-16,"Electricity, gas, steam & air conditioning supply ",146000
Jun-16,"Electricity, gas, steam & air conditioning supply ",141000
Sep-16,"Electricity, gas, steam & air conditioning supply ",137000
Dec-16,"Electricity, gas, steam & air conditioning supply ",145000
Mar-17,"Electricity, gas, steam & air conditioning supply ",144000
Jun-17,"Electricity, gas, steam & air conditioning supply ",147000
Sep-17,"Electricity, gas, steam & air conditioning supply ",144000
Dec-17,"Electricity, gas, steam & air conditioning supply ",144000
Mar-18,"Electricity, gas, steam & air conditioning supply ",147000
Jun-18,"Electricity, gas, steam & air conditioning supply ",150000
Sep-18,"Electricity, gas, steam & air conditioning supply ",154000
Dec-18,"Electricity, gas, steam & air conditioning supply ",148000
Mar-19,"Electricity, gas, steam & air conditioning supply ",141000
Jun-19,"Electricity, gas, steam & air conditioning supply ",142000
Sep-19,"Electricity, gas, steam & air conditioning supply ",139000
Dec-19,"Electricity, gas, steam & air conditioning supply ",146000
Mar-20,"Electricity, gas, steam & air conditioning supply ",147000
Jun-20,"Electricity, gas, steam & air conditioning supply ",145000
Sep-20,"Electricity, gas, steam & air conditioning supply ",143000
Dec-20,"Electricity, gas, steam & air conditioning supply ",146000
Mar-21,"Electricity, gas, steam & air conditioning supply ",144000
Jun-21,"Electricity, gas, steam & air conditioning supply ",144000
Sep-21,"Electricity, gas, steam & air conditioning supply ",143000
Dec-21,"Electricity, gas, steam & air conditioning supply ",137000
Mar-97,"Water supply, sewerage, waste & remediation activities",162000
Jun-97,"Water supply, sewerage, waste & remediation activities",159000
Sep-97,"Water supply, sewerage, waste & remediation activities",161000
Dec-97,"Water supply, sewerage, waste & remediation activities",167000
Mar-98,"Water supply, sewerage, waste & remediation activities",163000
Jun-98,"Water supply, sewerage, waste & remediation activities",162000
Sep-98,"Water supply, sewerage, waste & remediation activities",164000
Dec-98,"Water supply, sewerage, waste & remediation activities",167000
Mar-99,"Water supply, sewerage, waste & remediation activities",164000
Jun-99,"Water supply, sewerage, waste & remediation activities",165000
Sep-99,"Water supply, sewerage, waste & remediation activities",163000
Dec-99,"Water supply, sewerage, waste & remediation activities",154000
Mar-00,"Water supply, sewerage, waste & remediation activities",157000
Jun-00,"Water supply, sewerage, waste & remediation activities",161000
Sep-00,"Water supply, sewerage, waste & remediation activities",164000
Dec-00,"Water supply, sewerage, waste & remediation activities",165000
Mar-01,"Water supply, sewerage, waste & remediation activities",169000
Jun-01,"Water supply, sewerage, waste & remediation activities",170000
Sep-01,"Water supply, sewerage, waste & remediation activities",174000
Dec-01,"Water supply, sewerage, waste & remediation activities",178000
Mar-02,"Water supply, sewerage, waste & remediation activities",168000
Jun-02,"Water supply, sewerage, waste & remediation activities",164000
Sep-02,"Water supply, sewerage, waste & remediation activities",161000
Dec-02,"Water supply, sewerage, waste & remediation activities",159000
Mar-03,"Water supply, sewerage, waste & remediation activities",155000
Jun-03,"Water supply, sewerage, waste & remediation activities",155000
Sep-03,"Water supply, sewerage, waste & remediation activities",159000
Dec-03,"Water supply, sewerage, waste & remediation activities",156000
Mar-04,"Water supply, sewerage, waste & remediation activities",155000
Jun-04,"Water supply, sewerage, waste & remediation activities",155000
Sep-04,"Water supply, sewerage, waste & remediation activities",155000
Dec-04,"Water supply, sewerage, waste & remediation activities",158000
Mar-05,"Water supply, sewerage, waste & remediation activities",160000
Jun-05,"Water supply, sewerage, waste & remediation activities",158000
Sep-05,"Water supply, sewerage, waste & remediation activities",158000
Dec-05,"Water supply, sewerage, waste & remediation activities",155000
Mar-06,"Water supply, sewerage, waste & remediation activities",159000
Jun-06,"Water supply, sewerage, waste & remediation activities",162000
Sep-06,"Water supply, sewerage, waste & remediation activities",162000
Dec-06,"Water supply, sewerage, waste & remediation activities",161000
Mar-07,"Water supply, sewerage, waste & remediation activities",160000
Jun-07,"Water supply, sewerage, waste & remediation activities",158000
Sep-07,"Water supply, sewerage, waste & remediation activities",157000
Dec-07,"Water supply, sewerage, waste & remediation activities",160000
Mar-08,"Water supply, sewerage, waste & remediation activities",165000
Jun-08,"Water supply, sewerage, waste & remediation activities",170000
Sep-08,"Water supply, sewerage, waste & remediation activities",174000
Dec-08,"Water supply, sewerage, waste & remediation activities",177000
Mar-09,"Water supply, sewerage, waste & remediation activities",178000
Jun-09,"Water supply, sewerage, waste & remediation activities",166000
Sep-09,"Water supply, sewerage, waste & remediation activities",168000
Dec-09,"Water supply, sewerage, waste & remediation activities",169000
Mar-10,"Water supply, sewerage, waste & remediation activities",173000
Jun-10,"Water supply, sewerage, waste & remediation activities",177000
Sep-10,"Water supply, sewerage, waste & remediation activities",180000
Dec-10,"Water supply, sewerage, waste & remediation activities",180000
Mar-11,"Water supply, sewerage, waste & remediation activities",190000
Jun-11,"Water supply, sewerage, waste & remediation activities",190000
Sep-11,"Water supply, sewerage, waste & remediation activities",187000
Dec-11,"Water supply, sewerage, waste & remediation activities",188000
Mar-12,"Water supply, sewerage, waste & remediation activities",191000
Jun-12,"Water supply, sewerage, waste & remediation activities",195000
Sep-12,"Water supply, sewerage, waste & remediation activities",194000
Dec-12,"Water supply, sewerage, waste & remediation activities",194000
Mar-13,"Water supply, sewerage, waste & remediation activities",196000
Jun-13,"Water supply, sewerage, waste & remediation activities",189000
Sep-13,"Water supply, sewerage, waste & remediation activities",193000
Dec-13,"Water supply, sewerage, waste & remediation activities",198000
Mar-14,"Water supply, sewerage, waste & remediation activities",196000
Jun-14,"Water supply, sewerage, waste & remediation activities",197000
Sep-14,"Water supply, sewerage, waste & remediation activities",195000
Dec-14,"Water supply, sewerage, waste & remediation activities",194000
Mar-15,"Water supply, sewerage, waste & remediation activities",195000
Jun-15,"Water supply, sewerage, waste & remediation activities",200000
Sep-15,"Water supply, sewerage, waste & remediation activities",201000
Dec-15,"Water supply, sewerage, waste & remediation activities",194000
Mar-16,"Water supply, sewerage, waste & remediation activities",201000
Jun-16,"Water supply, sewerage, waste & remediation activities",199000
Sep-16,"Water supply, sewerage, waste & remediation activities",207000
Dec-16,"Water supply, sewerage, waste & remediation activities",213000
Mar-17,"Water supply, sewerage, waste & remediation activities",216000
Jun-17,"Water supply, sewerage, waste & remediation activities",218000
Sep-17,"Water supply, sewerage, waste & remediation activities",221000
Dec-17,"Water supply, sewerage, waste & remediation activities",228000
Mar-18,"Water supply, sewerage, waste & remediation activities",226000
Jun-18,"Water supply, sewerage, waste & remediation activities",227000
Sep-18,"Water supply, sewerage, waste & remediation activities",227000
Dec-18,"Water supply, sewerage, waste & remediation activities",224000
Mar-19,"Water supply, sewerage, waste & remediation activities",228000
Jun-19,"Water supply, sewerage, waste & remediation activities",223000
Sep-19,"Water supply, sewerage, waste & remediation activities",220000
Dec-19,"Water supply, sewerage, waste & remediation activities",219000
Mar-20,"Water supply, sewerage, waste & remediation activities",219000
Jun-20,"Water supply, sewerage, waste & remediation activities",218000
Sep-20,"Water supply, sewerage, waste & remediation activities",223000
Dec-20,"Water supply, sewerage, waste & remediation activities",222000
Mar-21,"Water supply, sewerage, waste & remediation activities",217000
Jun-21,"Water supply, sewerage, waste & remediation activities",230000
Sep-21,"Water supply, sewerage, waste & remediation activities",235000
Dec-21,"Water supply, sewerage, waste & remediation activities",230000
Mar-97,Construction,1789000
Jun-97,Construction,1788000
Sep-97,Construction,1839000
Dec-97,Construction,1903000
Mar-98,Construction,1881000
Jun-98,Construction,1862000
Sep-98,Construction,1892000
Dec-98,Construction,1924000
Mar-99,Construction,1880000
Jun-99,Construction,1903000
Sep-99,Construction,1925000
Dec-99,Construction,1917000
Mar-00,Construction,1905000
Jun-00,Construction,1954000
Sep-00,Construction,1945000
Dec-00,Construction,1940000
Mar-01,Construction,1934000
Jun-01,Construction,1970000
Sep-01,Construction,2003000
Dec-01,Construction,2026000
Mar-02,Construction,2001000
Jun-02,Construction,1994000
Sep-02,Construction,2017000
Dec-02,Construction,2024000
Mar-03,Construction,2028000
Jun-03,Construction,2053000
Sep-03,Construction,2094000
Dec-03,Construction,2098000
Mar-04,Construction,2109000
Jun-04,Construction,2117000
Sep-04,Construction,2132000
Dec-04,Construction,2187000
Mar-05,Construction,2216000
Jun-05,Construction,2193000
Sep-05,Construction,2241000
Dec-05,Construction,2244000
Mar-06,Construction,2254000
Jun-06,Construction,2264000
Sep-06,Construction,2286000
Dec-06,Construction,2344000
Mar-07,Construction,2316000
Jun-07,Construction,2321000
Sep-07,Construction,2356000
Dec-07,Construction,2331000
Mar-08,Construction,2304000
Jun-08,Construction,2296000
Sep-08,Construction,2378000
Dec-08,Construction,2334000
Mar-09,Construction,2321000
Jun-09,Construction,2243000
Sep-09,Construction,2185000
Dec-09,Construction,2158000
Mar-10,Construction,2066000
Jun-10,Construction,2107000
Sep-10,Construction,2085000
Dec-10,Construction,2054000
Mar-11,Construction,2062000
Jun-11,Construction,2062000
Sep-11,Construction,2087000
Dec-11,Construction,2094000
Mar-12,Construction,2091000
Jun-12,Construction,2073000
Sep-12,Construction,2069000
Dec-12,Construction,2052000
Mar-13,Construction,2050000
Jun-13,Construction,2045000
Sep-13,Construction,2072000
Dec-13,Construction,2112000
Mar-14,Construction,2122000
Jun-14,Construction,2126000
Sep-14,Construction,2134000
Dec-14,Construction,2152000
Mar-15,Construction,2143000
Jun-15,Construction,2121000
Sep-15,Construction,2182000
Dec-15,Construction,2182000
Mar-16,Construction,2231000
Jun-16,Construction,2239000
Sep-16,Construction,2206000
Dec-16,Construction,2249000
Mar-17,Construction,2329000
Jun-17,Construction,2322000
Sep-17,Construction,2349000
Dec-17,Construction,2330000
Mar-18,Construction,2317000
Jun-18,Construction,2310000
Sep-18,Construction,2321000
Dec-18,Construction,2351000
Mar-19,Construction,2366000
Jun-19,Construction,2338000
Sep-19,Construction,2310000
Dec-19,Construction,2329000
Mar-20,Construction,2294000
Jun-20,Construction,2278000
Sep-20,Construction,2149000
Dec-20,Construction,2144000
Mar-21,Construction,2162000
Jun-21,Construction,2230000
Sep-21,Construction,2218000
Dec-21,Construction,2227000
Mar-97,Wholesale & retail trade; repair of motor vehicles and motorcycles,4757000
Jun-97,Wholesale & retail trade; repair of motor vehicles and motorcycles,4815000
Sep-97,Wholesale & retail trade; repair of motor vehicles and motorcycles,4850000
Dec-97,Wholesale & retail trade; repair of motor vehicles and motorcycles,4950000
Mar-98,Wholesale & retail trade; repair of motor vehicles and motorcycles,4838000
Jun-98,Wholesale & retail trade; repair of motor vehicles and motorcycles,4840000
Sep-98,Wholesale & retail trade; repair of motor vehicles and motorcycles,4896000
Dec-98,Wholesale & retail trade; repair of motor vehicles and motorcycles,4980000
Mar-99,Wholesale & retail trade; repair of motor vehicles and motorcycles,4838000
Jun-99,Wholesale & retail trade; repair of motor vehicles and motorcycles,4836000
Sep-99,Wholesale & retail trade; repair of motor vehicles and motorcycles,4866000
Dec-99,Wholesale & retail trade; repair of motor vehicles and motorcycles,4987000
Mar-00,Wholesale & retail trade; repair of motor vehicles and motorcycles,4842000
Jun-00,Wholesale & retail trade; repair of motor vehicles and motorcycles,4848000
Sep-00,Wholesale & retail trade; repair of motor vehicles and motorcycles,4897000
Dec-00,Wholesale & retail trade; repair of motor vehicles and motorcycles,5052000
Mar-01,Wholesale & retail trade; repair of motor vehicles and motorcycles,4953000
Jun-01,Wholesale & retail trade; repair of motor vehicles and motorcycles,4944000
Sep-01,Wholesale & retail trade; repair of motor vehicles and motorcycles,4945000
Dec-01,Wholesale & retail trade; repair of motor vehicles and motorcycles,5095000
Mar-02,Wholesale & retail trade; repair of motor vehicles and motorcycles,4961000
Jun-02,Wholesale & retail trade; repair of motor vehicles and motorcycles,4989000
Sep-02,Wholesale & retail trade; repair of motor vehicles and motorcycles,4998000
Dec-02,Wholesale & retail trade; repair of motor vehicles and motorcycles,5155000
Mar-03,Wholesale & retail trade; repair of motor vehicles and motorcycles,4941000
Jun-03,Wholesale & retail trade; repair of motor vehicles and motorcycles,4972000
Sep-03,Wholesale & retail trade; repair of motor vehicles and motorcycles,4995000
Dec-03,Wholesale & retail trade; repair of motor vehicles and motorcycles,5161000
Mar-04,Wholesale & retail trade; repair of motor vehicles and motorcycles,4994000
Jun-04,Wholesale & retail trade; repair of motor vehicles and motorcycles,4991000
Sep-04,Wholesale & retail trade; repair of motor vehicles and motorcycles,4987000
Dec-04,Wholesale & retail trade; repair of motor vehicles and motorcycles,5182000
Mar-05,Wholesale & retail trade; repair of motor vehicles and motorcycles,5013000
Jun-05,Wholesale & retail trade; repair of motor vehicles and motorcycles,5009000
Sep-05,Wholesale & retail trade; repair of motor vehicles and motorcycles,5013000
Dec-05,Wholesale & retail trade; repair of motor vehicles and motorcycles,5138000
Mar-06,Wholesale & retail trade; repair of motor vehicles and motorcycles,4993000
Jun-06,Wholesale & retail trade; repair of motor vehicles and motorcycles,4980000
Sep-06,Wholesale & retail trade; repair of motor vehicles and motorcycles,4994000
Dec-06,Wholesale & retail trade; repair of motor vehicles and motorcycles,5145000
Mar-07,Wholesale & retail trade; repair of motor vehicles and motorcycles,4993000
Jun-07,Wholesale & retail trade; repair of motor vehicles and motorcycles,5027000
Sep-07,Wholesale & retail trade; repair of motor vehicles and motorcycles,5015000
Dec-07,Wholesale & retail trade; repair of motor vehicles and motorcycles,5192000
Mar-08,Wholesale & retail trade; repair of motor vehicles and motorcycles,5064000
Jun-08,Wholesale & retail trade; repair of motor vehicles and motorcycles,5064000
Sep-08,Wholesale & retail trade; repair of motor vehicles and motorcycles,5024000
Dec-08,Wholesale & retail trade; repair of motor vehicles and motorcycles,5129000
Mar-09,Wholesale & retail trade; repair of motor vehicles and motorcycles,4892000
Jun-09,Wholesale & retail trade; repair of motor vehicles and motorcycles,4898000
Sep-09,Wholesale & retail trade; repair of motor vehicles and motorcycles,4842000
Dec-09,Wholesale & retail trade; repair of motor vehicles and motorcycles,4924000
Mar-10,Wholesale & retail trade; repair of motor vehicles and motorcycles,4774000
Jun-10,Wholesale & retail trade; repair of motor vehicles and motorcycles,4807000
Sep-10,Wholesale & retail trade; repair of motor vehicles and motorcycles,4816000
Dec-10,Wholesale & retail trade; repair of motor vehicles and motorcycles,4969000
Mar-11,Wholesale & retail trade; repair of motor vehicles and motorcycles,4810000
Jun-11,Wholesale & retail trade; repair of motor vehicles and motorcycles,4778000
Sep-11,Wholesale & retail trade; repair of motor vehicles and motorcycles,4793000
Dec-11,Wholesale & retail trade; repair of motor vehicles and motorcycles,4930000
Mar-12,Wholesale & retail trade; repair of motor vehicles and motorcycles,4887000
Jun-12,Wholesale & retail trade; repair of motor vehicles and motorcycles,4849000
Sep-12,Wholesale & retail trade; repair of motor vehicles and motorcycles,4811000
Dec-12,Wholesale & retail trade; repair of motor vehicles and motorcycles,4951000
Mar-13,Wholesale & retail trade; repair of motor vehicles and motorcycles,4866000
Jun-13,Wholesale & retail trade; repair of motor vehicles and motorcycles,4822000
Sep-13,Wholesale & retail trade; repair of motor vehicles and motorcycles,4825000
Dec-13,Wholesale & retail trade; repair of motor vehicles and motorcycles,4988000
Mar-14,Wholesale & retail trade; repair of motor vehicles and motorcycles,4848000
Jun-14,Wholesale & retail trade; repair of motor vehicles and motorcycles,4907000
Sep-14,Wholesale & retail trade; repair of motor vehicles and motorcycles,4935000
Dec-14,Wholesale & retail trade; repair of motor vehicles and motorcycles,5065000
Mar-15,Wholesale & retail trade; repair of motor vehicles and motorcycles,5005000
Jun-15,Wholesale & retail trade; repair of motor vehicles and motorcycles,4982000
Sep-15,Wholesale & retail trade; repair of motor vehicles and motorcycles,4997000
Dec-15,Wholesale & retail trade; repair of motor vehicles and motorcycles,5103000
Mar-16,Wholesale & retail trade; repair of motor vehicles and motorcycles,4995000
Jun-16,Wholesale & retail trade; repair of motor vehicles and motorcycles,5010000
Sep-16,Wholesale & retail trade; repair of motor vehicles and motorcycles,4972000
Dec-16,Wholesale & retail trade; repair of motor vehicles and motorcycles,5071000
Mar-17,Wholesale & retail trade; repair of motor vehicles and motorcycles,4982000
Jun-17,Wholesale & retail trade; repair of motor vehicles and motorcycles,4994000
Sep-17,Wholesale & retail trade; repair of motor vehicles and motorcycles,4944000
Dec-17,Wholesale & retail trade; repair of motor vehicles and motorcycles,5073000
Mar-18,Wholesale & retail trade; repair of motor vehicles and motorcycles,4977000
Jun-18,Wholesale & retail trade; repair of motor vehicles and motorcycles,4969000
Sep-18,Wholesale & retail trade; repair of motor vehicles and motorcycles,4959000
Dec-18,Wholesale & retail trade; repair of motor vehicles and motorcycles,5087000
Mar-19,Wholesale & retail trade; repair of motor vehicles and motorcycles,5009000
Jun-19,Wholesale & retail trade; repair of motor vehicles and motorcycles,4996000
Sep-19,Wholesale & retail trade; repair of motor vehicles and motorcycles,4964000
Dec-19,Wholesale & retail trade; repair of motor vehicles and motorcycles,5050000
Mar-20,Wholesale & retail trade; repair of motor vehicles and motorcycles,4922000
Jun-20,Wholesale & retail trade; repair of motor vehicles and motorcycles,4964000
Sep-20,Wholesale & retail trade; repair of motor vehicles and motorcycles,4816000
Dec-20,Wholesale & retail trade; repair of motor vehicles and motorcycles,4898000
Mar-21,Wholesale & retail trade; repair of motor vehicles and motorcycles,4767000
Jun-21,Wholesale & retail trade; repair of motor vehicles and motorcycles,4758000
Sep-21,Wholesale & retail trade; repair of motor vehicles and motorcycles,4774000
Dec-21,Wholesale & retail trade; repair of motor vehicles and motorcycles,4810000
Mar-97,Transport & storage,1279000
Jun-97,Transport & storage,1297000
Sep-97,Transport & storage,1297000
Dec-97,Transport & storage,1308000
Mar-98,Transport & storage,1306000
Jun-98,Transport & storage,1316000
Sep-98,Transport & storage,1325000
Dec-98,Transport & storage,1351000
Mar-99,Transport & storage,1339000
Jun-99,Transport & storage,1345000
Sep-99,Transport & storage,1363000
Dec-99,Transport & storage,1398000
Mar-00,Transport & storage,1358000
Jun-00,Transport & storage,1358000
Sep-00,Transport & storage,1380000
Dec-00,Transport & storage,1411000
Mar-01,Transport & storage,1392000
Jun-01,Transport & storage,1410000
Sep-01,Transport & storage,1401000
Dec-01,Transport & storage,1426000
Mar-02,Transport & storage,1397000
Jun-02,Transport & storage,1408000
Sep-02,Transport & storage,1420000
Dec-02,Transport & storage,1440000
Mar-03,Transport & storage,1422000
Jun-03,Transport & storage,1434000
Sep-03,Transport & storage,1427000
Dec-03,Transport & storage,1440000
Mar-04,Transport & storage,1414000
Jun-04,Transport & storage,1424000
Sep-04,Transport & storage,1431000
Dec-04,Transport & storage,1457000
Mar-05,Transport & storage,1449000
Jun-05,Transport & storage,1468000
Sep-05,Transport & storage,1476000
Dec-05,Transport & storage,1507000
Mar-06,Transport & storage,1500000
Jun-06,Transport & storage,1500000
Sep-06,Transport & storage,1493000
Dec-06,Transport & storage,1524000
Mar-07,Transport & storage,1494000
Jun-07,Transport & storage,1506000
Sep-07,Transport & storage,1515000
Dec-07,Transport & storage,1542000
Mar-08,Transport & storage,1507000
Jun-08,Transport & storage,1519000
Sep-08,Transport & storage,1517000
Dec-08,Transport & storage,1541000
Mar-09,Transport & storage,1513000
Jun-09,Transport & storage,1502000
Sep-09,Transport & storage,1505000
Dec-09,Transport & storage,1499000
Mar-10,Transport & storage,1453000
Jun-10,Transport & storage,1461000
Sep-10,Transport & storage,1455000
Dec-10,Transport & storage,1473000
Mar-11,Transport & storage,1493000
Jun-11,Transport & storage,1491000
Sep-11,Transport & storage,1484000
Dec-11,Transport & storage,1507000
Mar-12,Transport & storage,1509000
Jun-12,Transport & storage,1509000
Sep-12,Transport & storage,1507000
Dec-12,Transport & storage,1530000
Mar-13,Transport & storage,1497000
Jun-13,Transport & storage,1487000
Sep-13,Transport & storage,1499000
Dec-13,Transport & storage,1517000
Mar-14,Transport & storage,1512000
Jun-14,Transport & storage,1509000
Sep-14,Transport & storage,1527000
Dec-14,Transport & storage,1572000
Mar-15,Transport & storage,1540000
Jun-15,Transport & storage,1609000
Sep-15,Transport & storage,1609000
Dec-15,Transport & storage,1670000
Mar-16,Transport & storage,1686000
Jun-16,Transport & storage,1713000
Sep-16,Transport & storage,1730000
Dec-16,Transport & storage,1737000
Mar-17,Transport & storage,1729000
Jun-17,Transport & storage,1722000
Sep-17,Transport & storage,1692000
Dec-17,Transport & storage,1709000
Mar-18,Transport & storage,1692000
Jun-18,Transport & storage,1725000
Sep-18,Transport & storage,1735000
Dec-18,Transport & storage,1817000
Mar-19,Transport & storage,1780000
Jun-19,Transport & storage,1815000
Sep-19,Transport & storage,1798000
Dec-19,Transport & storage,1816000
Mar-20,Transport & storage,1802000
Jun-20,Transport & storage,1812000
Sep-20,Transport & storage,1793000
Dec-20,Transport & storage,1764000
Mar-21,Transport & storage,1828000
Jun-21,Transport & storage,1803000
Sep-21,Transport & storage,1793000
Dec-21,Transport & storage,1810000
Mar-97,Accommod-ation & food service activities,1692000
Jun-97,Accommod-ation & food service activities,1769000
Sep-97,Accommod-ation & food service activities,1785000
Dec-97,Accommod-ation & food service activities,1744000
Mar-98,Accommod-ation & food service activities,1727000
Jun-98,Accommod-ation & food service activities,1766000
Sep-98,Accommod-ation & food service activities,1779000
Dec-98,Accommod-ation & food service activities,1771000
Mar-99,Accommod-ation & food service activities,1759000
Jun-99,Accommod-ation & food service activities,1824000
Sep-99,Accommod-ation & food service activities,1835000
Dec-99,Accommod-ation & food service activities,1815000
Mar-00,Accommod-ation & food service activities,1794000
Jun-00,Accommod-ation & food service activities,1849000
Sep-00,Accommod-ation & food service activities,1837000
Dec-00,Accommod-ation & food service activities,1810000
Mar-01,Accommod-ation & food service activities,1796000
Jun-01,Accommod-ation & food service activities,1867000
Sep-01,Accommod-ation & food service activities,1876000
Dec-01,Accommod-ation & food service activities,1854000
Mar-02,Accommod-ation & food service activities,1844000
Jun-02,Accommod-ation & food service activities,1920000
Sep-02,Accommod-ation & food service activities,1934000
Dec-02,Accommod-ation & food service activities,1916000
Mar-03,Accommod-ation & food service activities,1920000
Jun-03,Accommod-ation & food service activities,1970000
Sep-03,Accommod-ation & food service activities,1977000
Dec-03,Accommod-ation & food service activities,1959000
Mar-04,Accommod-ation & food service activities,1988000
Jun-04,Accommod-ation & food service activities,2022000
Sep-04,Accommod-ation & food service activities,2015000
Dec-04,Accommod-ation & food service activities,2014000
Mar-05,Accommod-ation & food service activities,2002000
Jun-05,Accommod-ation & food service activities,2023000
Sep-05,Accommod-ation & food service activities,2018000
Dec-05,Accommod-ation & food service activities,1990000
Mar-06,Accommod-ation & food service activities,1985000
Jun-06,Accommod-ation & food service activities,2028000
Sep-06,Accommod-ation & food service activities,2022000
Dec-06,Accommod-ation & food service activities,2009000
Mar-07,Accommod-ation & food service activities,1984000
Jun-07,Accommod-ation & food service activities,2013000
Sep-07,Accommod-ation & food service activities,2034000
Dec-07,Accommod-ation & food service activities,2040000
Mar-08,Accommod-ation & food service activities,2015000
Jun-08,Accommod-ation & food service activities,2058000
Sep-08,Accommod-ation & food service activities,2048000
Dec-08,Accommod-ation & food service activities,2023000
Mar-09,Accommod-ation & food service activities,1978000
Jun-09,Accommod-ation & food service activities,2004000
Sep-09,Accommod-ation & food service activities,1975000
Dec-09,Accommod-ation & food service activities,1954000
Mar-10,Accommod-ation & food service activities,1945000
Jun-10,Accommod-ation & food service activities,1964000
Sep-10,Accommod-ation & food service activities,1962000
Dec-10,Accommod-ation & food service activities,1936000
Mar-11,Accommod-ation & food service activities,1920000
Jun-11,Accommod-ation & food service activities,2003000
Sep-11,Accommod-ation & food service activities,2022000
Dec-11,Accommod-ation & food service activities,1988000
Mar-12,Accommod-ation & food service activities,2025000
Jun-12,Accommod-ation & food service activities,2057000
Sep-12,Accommod-ation & food service activities,2050000
Dec-12,Accommod-ation & food service activities,2000000
Mar-13,Accommod-ation & food service activities,1982000
Jun-13,Accommod-ation & food service activities,2102000
Sep-13,Accommod-ation & food service activities,2123000
Dec-13,Accommod-ation & food service activities,2129000
Mar-14,Accommod-ation & food service activities,2133000
Jun-14,Accommod-ation & food service activities,2204000
Sep-14,Accommod-ation & food service activities,2205000
Dec-14,Accommod-ation & food service activities,2202000
Mar-15,Accommod-ation & food service activities,2195000
Jun-15,Accommod-ation & food service activities,2253000
Sep-15,Accommod-ation & food service activities,2272000
Dec-15,Accommod-ation & food service activities,2279000
Mar-16,Accommod-ation & food service activities,2266000
Jun-16,Accommod-ation & food service activities,2351000
Sep-16,Accommod-ation & food service activities,2379000
Dec-16,Accommod-ation & food service activities,2366000
Mar-17,Accommod-ation & food service activities,2363000
Jun-17,Accommod-ation & food service activities,2414000
Sep-17,Accommod-ation & food service activities,2394000
Dec-17,Accommod-ation & food service activities,2344000
Mar-18,Accommod-ation & food service activities,2385000
Jun-18,Accommod-ation & food service activities,2450000
Sep-18,Accommod-ation & food service activities,2426000
Dec-18,Accommod-ation & food service activities,2448000
Mar-19,Accommod-ation & food service activities,2453000
Jun-19,Accommod-ation & food service activities,2527000
Sep-19,Accommod-ation & food service activities,2511000
Dec-19,Accommod-ation & food service activities,2506000
Mar-20,Accommod-ation & food service activities,2505000
Jun-20,Accommod-ation & food service activities,2365000
Sep-20,Accommod-ation & food service activities,2292000
Dec-20,Accommod-ation & food service activities,2167000
Mar-21,Accommod-ation & food service activities,2168000
Jun-21,Accommod-ation & food service activities,2348000
Sep-21,Accommod-ation & food service activities,2396000
Dec-21,Accommod-ation & food service activities,2423000
Mar-97,Information & communication,882000
Jun-97,Information & communication,895000
Sep-97,Information & communication,900000
Dec-97,Information & communication,930000
Mar-98,Information & communication,956000
Jun-98,Information & communication,970000
Sep-98,Information & communication,976000
Dec-98,Information & communication,1014000
Mar-99,Information & communication,1027000
Jun-99,Information & communication,1065000
Sep-99,Information & communication,1080000
Dec-99,Information & communication,1092000
Mar-00,Information & communication,1099000
Jun-00,Information & communication,1132000
Sep-00,Information & communication,1161000
Dec-00,Information & communication,1195000
Mar-01,Information & communication,1195000
Jun-01,Information & communication,1207000
Sep-01,Information & communication,1214000
Dec-01,Information & communication,1212000
Mar-02,Information & communication,1213000
Jun-02,Information & communication,1207000
Sep-02,Information & communication,1211000
Dec-02,Information & communication,1220000
Mar-03,Information & communication,1229000
Jun-03,Information & communication,1241000
Sep-03,Information & communication,1227000
Dec-03,Information & communication,1208000
Mar-04,Information & communication,1202000
Jun-04,Information & communication,1186000
Sep-04,Information & communication,1175000
Dec-04,Information & communication,1165000
Mar-05,Information & communication,1184000
Jun-05,Information & communication,1189000
Sep-05,Information & communication,1187000
Dec-05,Information & communication,1196000
Mar-06,Information & communication,1217000
Jun-06,Information & communication,1228000
Sep-06,Information & communication,1240000
Dec-06,Information & communication,1241000
Mar-07,Information & communication,1244000
Jun-07,Information & communication,1251000
Sep-07,Information & communication,1246000
Dec-07,Information & communication,1235000
Mar-08,Information & communication,1221000
Jun-08,Information & communication,1235000
Sep-08,Information & communication,1240000
Dec-08,Information & communication,1213000
Mar-09,Information & communication,1220000
Jun-09,Information & communication,1215000
Sep-09,Information & communication,1188000
Dec-09,Information & communication,1193000
Mar-10,Information & communication,1167000
Jun-10,Information & communication,1171000
Sep-10,Information & communication,1196000
Dec-10,Information & communication,1193000
Mar-11,Information & communication,1225000
Jun-11,Information & communication,1229000
Sep-11,Information & communication,1235000
Dec-11,Information & communication,1227000
Mar-12,Information & communication,1231000
Jun-12,Information & communication,1225000
Sep-12,Information & communication,1239000
Dec-12,Information & communication,1259000
Mar-13,Information & communication,1271000
Jun-13,Information & communication,1272000
Sep-13,Information & communication,1277000
Dec-13,Information & communication,1303000
Mar-14,Information & communication,1347000
Jun-14,Information & communication,1359000
Sep-14,Information & communication,1362000
Dec-14,Information & communication,1360000
Mar-15,Information & communication,1391000
Jun-15,Information & communication,1389000
Sep-15,Information & communication,1385000
Dec-15,Information & communication,1365000
Mar-16,Information & communication,1392000
Jun-16,Information & communication,1431000
Sep-16,Information & communication,1418000
Dec-16,Information & communication,1421000
Mar-17,Information & communication,1467000
Jun-17,Information & communication,1511000
Sep-17,Information & communication,1487000
Dec-17,Information & communication,1456000
Mar-18,Information & communication,1477000
Jun-18,Information & communication,1482000
Sep-18,Information & communication,1460000
Dec-18,Information & communication,1468000
Mar-19,Information & communication,1495000
Jun-19,Information & communication,1502000
Sep-19,Information & communication,1505000
Dec-19,Information & communication,1523000
Mar-20,Information & communication,1560000
Jun-20,Information & communication,1529000
Sep-20,Information & communication,1511000
Dec-20,Information & communication,1489000
Mar-21,Information & communication,1502000
Jun-21,Information & communication,1478000
Sep-21,Information & communication,1517000
Dec-21,Information & communication,1540000
Mar-97,Financial & insurance activities,1085000
Jun-97,Financial & insurance activities,1101000
Sep-97,Financial & insurance activities,1105000
Dec-97,Financial & insurance activities,1104000
Mar-98,Financial & insurance activities,1116000
Jun-98,Financial & insurance activities,1113000
Sep-98,Financial & insurance activities,1105000
Dec-98,Financial & insurance activities,1115000
Mar-99,Financial & insurance activities,1121000
Jun-99,Financial & insurance activities,1142000
Sep-99,Financial & insurance activities,1153000
Dec-99,Financial & insurance activities,1169000
Mar-00,Financial & insurance activities,1147000
Jun-00,Financial & insurance activities,1144000
Sep-00,Financial & insurance activities,1150000
Dec-00,Financial & insurance activities,1162000
Mar-01,Financial & insurance activities,1165000
Jun-01,Financial & insurance activities,1176000
Sep-01,Financial & insurance activities,1196000
Dec-01,Financial & insurance activities,1193000
Mar-02,Financial & insurance activities,1203000
Jun-02,Financial & insurance activities,1193000
Sep-02,Financial & insurance activities,1189000
Dec-02,Financial & insurance activities,1195000
Mar-03,Financial & insurance activities,1191000
Jun-03,Financial & insurance activities,1194000
Sep-03,Financial & insurance activities,1194000
Dec-03,Financial & insurance activities,1180000
Mar-04,Financial & insurance activities,1173000
Jun-04,Financial & insurance activities,1177000
Sep-04,Financial & insurance activities,1170000
Dec-04,Financial & insurance activities,1172000
Mar-05,Financial & insurance activities,1177000
Jun-05,Financial & insurance activities,1166000
Sep-05,Financial & insurance activities,1162000
Dec-05,Financial & insurance activities,1154000
Mar-06,Financial & insurance activities,1159000
Jun-06,Financial & insurance activities,1160000
Sep-06,Financial & insurance activities,1164000
Dec-06,Financial & insurance activities,1171000
Mar-07,Financial & insurance activities,1174000
Jun-07,Financial & insurance activities,1180000
Sep-07,Financial & insurance activities,1181000
Dec-07,Financial & insurance activities,1185000
Mar-08,Financial & insurance activities,1201000
Jun-08,Financial & insurance activities,1200000
Sep-08,Financial & insurance activities,1205000
Dec-08,Financial & insurance activities,1209000
Mar-09,Financial & insurance activities,1206000
Jun-09,Financial & insurance activities,1192000
Sep-09,Financial & insurance activities,1148000
Dec-09,Financial & insurance activities,1129000
Mar-10,Financial & insurance activities,1107000
Jun-10,Financial & insurance activities,1125000
Sep-10,Financial & insurance activities,1115000
Dec-10,Financial & insurance activities,1117000
Mar-11,Financial & insurance activities,1129000
Jun-11,Financial & insurance activities,1132000
Sep-11,Financial & insurance activities,1127000
Dec-11,Financial & insurance activities,1120000
Mar-12,Financial & insurance activities,1155000
Jun-12,Financial & insurance activities,1145000
Sep-12,Financial & insurance activities,1128000
Dec-12,Financial & insurance activities,1145000
Mar-13,Financial & insurance activities,1138000
Jun-13,Financial & insurance activities,1118000
Sep-13,Financial & insurance activities,1107000
Dec-13,Financial & insurance activities,1116000
Mar-14,Financial & insurance activities,1124000
Jun-14,Financial & insurance activities,1132000
Sep-14,Financial & insurance activities,1128000
Dec-14,Financial & insurance activities,1114000
Mar-15,Financial & insurance activities,1117000
Jun-15,Financial & insurance activities,1112000
Sep-15,Financial & insurance activities,1109000
Dec-15,Financial & insurance activities,1111000
Mar-16,Financial & insurance activities,1120000
Jun-16,Financial & insurance activities,1119000
Sep-16,Financial & insurance activities,1138000
Dec-16,Financial & insurance activities,1121000
Mar-17,Financial & insurance activities,1116000
Jun-17,Financial & insurance activities,1120000
Sep-17,Financial & insurance activities,1106000
Dec-17,Financial & insurance activities,1114000
Mar-18,Financial & insurance activities,1125000
Jun-18,Financial & insurance activities,1111000
Sep-18,Financial & insurance activities,1123000
Dec-18,Financial & insurance activities,1123000
Mar-19,Financial & insurance activities,1133000
Jun-19,Financial & insurance activities,1134000
Sep-19,Financial & insurance activities,1143000
Dec-19,Financial & insurance activities,1133000
Mar-20,Financial & insurance activities,1138000
Jun-20,Financial & insurance activities,1132000
Sep-20,Financial & insurance activities,1116000
Dec-20,Financial & insurance activities,1130000
Mar-21,Financial & insurance activities,1128000
Jun-21,Financial & insurance activities,1111000
Sep-21,Financial & insurance activities,1086000
Dec-21,Financial & insurance activities,1084000
Mar-97,Real estate activities,287000
Jun-97,Real estate activities,290000
Sep-97,Real estate activities,283000
Dec-97,Real estate activities,286000
Mar-98,Real estate activities,281000
Jun-98,Real estate activities,284000
Sep-98,Real estate activities,293000
Dec-98,Real estate activities,286000
Mar-99,Real estate activities,282000
Jun-99,Real estate activities,291000
Sep-99,Real estate activities,293000
Dec-99,Real estate activities,301000
Mar-00,Real estate activities,304000
Jun-00,Real estate activities,309000
Sep-00,Real estate activities,308000
Dec-00,Real estate activities,316000
Mar-01,Real estate activities,321000
Jun-01,Real estate activities,323000
Sep-01,Real estate activities,320000
Dec-01,Real estate activities,324000
Mar-02,Real estate activities,329000
Jun-02,Real estate activities,332000
Sep-02,Real estate activities,335000
Dec-02,Real estate activities,331000
Mar-03,Real estate activities,339000
Jun-03,Real estate activities,336000
Sep-03,Real estate activities,344000
Dec-03,Real estate activities,346000
Mar-04,Real estate activities,356000
Jun-04,Real estate activities,359000
Sep-04,Real estate activities,361000
Dec-04,Real estate activities,369000
Mar-05,Real estate activities,372000
Jun-05,Real estate activities,389000
Sep-05,Real estate activities,392000
Dec-05,Real estate activities,400000
Mar-06,Real estate activities,412000
Jun-06,Real estate activities,416000
Sep-06,Real estate activities,421000
Dec-06,Real estate activities,425000
Mar-07,Real estate activities,439000
Jun-07,Real estate activities,445000
Sep-07,Real estate activities,465000
Dec-07,Real estate activities,470000
Mar-08,Real estate activities,470000
Jun-08,Real estate activities,478000
Sep-08,Real estate activities,484000
Dec-08,Real estate activities,493000
Mar-09,Real estate activities,481000
Jun-09,Real estate activities,490000
Sep-09,Real estate activities,496000
Dec-09,Real estate activities,480000
Mar-10,Real estate activities,480000
Jun-10,Real estate activities,486000
Sep-10,Real estate activities,473000
Dec-10,Real estate activities,451000
Mar-11,Real estate activities,465000
Jun-11,Real estate activities,466000
Sep-11,Real estate activities,480000
Dec-11,Real estate activities,484000
Mar-12,Real estate activities,493000
Jun-12,Real estate activities,495000
Sep-12,Real estate activities,509000
Dec-12,Real estate activities,505000
Mar-13,Real estate activities,510000
Jun-13,Real estate activities,542000
Sep-13,Real estate activities,546000
Dec-13,Real estate activities,547000
Mar-14,Real estate activities,552000
Jun-14,Real estate activities,550000
Sep-14,Real estate activities,539000
Dec-14,Real estate activities,567000
Mar-15,Real estate activities,556000
Jun-15,Real estate activities,569000
Sep-15,Real estate activities,564000
Dec-15,Real estate activities,568000
Mar-16,Real estate activities,557000
Jun-16,Real estate activities,579000
Sep-16,Real estate activities,558000
Dec-16,Real estate activities,554000
Mar-17,Real estate activities,582000
Jun-17,Real estate activities,555000
Sep-17,Real estate activities,573000
Dec-17,Real estate activities,589000
Mar-18,Real estate activities,591000
Jun-18,Real estate activities,565000
Sep-18,Real estate activities,587000
Dec-18,Real estate activities,592000
Mar-19,Real estate activities,579000
Jun-19,Real estate activities,590000
Sep-19,Real estate activities,614000
Dec-19,Real estate activities,634000
Mar-20,Real estate activities,640000
Jun-20,Real estate activities,626000
Sep-20,Real estate activities,617000
Dec-20,Real estate activities,645000
Mar-21,Real estate activities,631000
Jun-21,Real estate activities,634000
Sep-21,Real estate activities,633000
Dec-21,Real estate activities,613000
Mar-97,Professional scientific & technical activities,1626000
Jun-97,Professional scientific & technical activities,1639000
Sep-97,Professional scientific & technical activities,1651000
Dec-97,Professional scientific & technical activities,1667000
Mar-98,Professional scientific & technical activities,1673000
Jun-98,Professional scientific & technical activities,1663000
Sep-98,Professional scientific & technical activities,1689000
Dec-98,Professional scientific & technical activities,1710000
Mar-99,Professional scientific & technical activities,1724000
Jun-99,Professional scientific & technical activities,1743000
Sep-99,Professional scientific & technical activities,1780000
Dec-99,Professional scientific & technical activities,1791000
Mar-00,Professional scientific & technical activities,1793000
Jun-00,Professional scientific & technical activities,1802000
Sep-00,Professional scientific & technical activities,1827000
Dec-00,Professional scientific & technical activities,1848000
Mar-01,Professional scientific & technical activities,1856000
Jun-01,Professional scientific & technical activities,1847000
Sep-01,Professional scientific & technical activities,1855000
Dec-01,Professional scientific & technical activities,1867000
Mar-02,Professional scientific & technical activities,1866000
Jun-02,Professional scientific & technical activities,1861000
Sep-02,Professional scientific & technical activities,1881000
Dec-02,Professional scientific & technical activities,1895000
Mar-03,Professional scientific & technical activities,1901000
Jun-03,Professional scientific & technical activities,1944000
Sep-03,Professional scientific & technical activities,1982000
Dec-03,Professional scientific & technical activities,2009000
Mar-04,Professional scientific & technical activities,2002000
Jun-04,Professional scientific & technical activities,2016000
Sep-04,Professional scientific & technical activities,2032000
Dec-04,Professional scientific & technical activities,2036000
Mar-05,Professional scientific & technical activities,2066000
Jun-05,Professional scientific & technical activities,2105000
Sep-05,Professional scientific & technical activities,2143000
Dec-05,Professional scientific & technical activities,2185000
Mar-06,Professional scientific & technical activities,2191000
Jun-06,Professional scientific & technical activities,2196000
Sep-06,Professional scientific & technical activities,2228000
Dec-06,Professional scientific & technical activities,2256000
Mar-07,Professional scientific & technical activities,2256000
Jun-07,Professional scientific & technical activities,2271000
Sep-07,Professional scientific & technical activities,2307000
Dec-07,Professional scientific & technical activities,2308000
Mar-08,Professional scientific & technical activities,2318000
Jun-08,Professional scientific & technical activities,2333000
Sep-08,Professional scientific & technical activities,2327000
Dec-08,Professional scientific & technical activities,2374000
Mar-09,Professional scientific & technical activities,2392000
Jun-09,Professional scientific & technical activities,2367000
Sep-09,Professional scientific & technical activities,2405000
Dec-09,Professional scientific & technical activities,2409000
Mar-10,Professional scientific & technical activities,2441000
Jun-10,Professional scientific & technical activities,2420000
Sep-10,Professional scientific & technical activities,2393000
Dec-10,Professional scientific & technical activities,2407000
Mar-11,Professional scientific & technical activities,2404000
Jun-11,Professional scientific & technical activities,2429000
Sep-11,Professional scientific & technical activities,2462000
Dec-11,Professional scientific & technical activities,2481000
Mar-12,Professional scientific & technical activities,2490000
Jun-12,Professional scientific & technical activities,2531000
Sep-12,Professional scientific & technical activities,2500000
Dec-12,Professional scientific & technical activities,2575000
Mar-13,Professional scientific & technical activities,2604000
Jun-13,Professional scientific & technical activities,2629000
Sep-13,Professional scientific & technical activities,2670000
Dec-13,Professional scientific & technical activities,2733000
Mar-14,Professional scientific & technical activities,2782000
Jun-14,Professional scientific & technical activities,2826000
Sep-14,Professional scientific & technical activities,2813000
Dec-14,Professional scientific & technical activities,2841000
Mar-15,Professional scientific & technical activities,2891000
Jun-15,Professional scientific & technical activities,2913000
Sep-15,Professional scientific & technical activities,2950000
Dec-15,Professional scientific & technical activities,2967000
Mar-16,Professional scientific & technical activities,3007000
Jun-16,Professional scientific & technical activities,3022000
Sep-16,Professional scientific & technical activities,3053000
Dec-16,Professional scientific & technical activities,3053000
Mar-17,Professional scientific & technical activities,3037000
Jun-17,Professional scientific & technical activities,2990000
Sep-17,Professional scientific & technical activities,3025000
Dec-17,Professional scientific & technical activities,3025000
Mar-18,Professional scientific & technical activities,3025000
Jun-18,Professional scientific & technical activities,3029000
Sep-18,Professional scientific & technical activities,3084000
Dec-18,Professional scientific & technical activities,3126000
Mar-19,Professional scientific & technical activities,3183000
Jun-19,Professional scientific & technical activities,3218000
Sep-19,Professional scientific & technical activities,3206000
Dec-19,Professional scientific & technical activities,3179000
Mar-20,Professional scientific & technical activities,3219000
Jun-20,Professional scientific & technical activities,3122000
Sep-20,Professional scientific & technical activities,3111000
Dec-20,Professional scientific & technical activities,3138000
Mar-21,Professional scientific & technical activities,3164000
Jun-21,Professional scientific & technical activities,3197000
Sep-21,Professional scientific & technical activities,3219000
Dec-21,Professional scientific & technical activities,3236000
Mar-97,Administrative & support service activities,1873000
Jun-97,Administrative & support service activities,1939000
Sep-97,Administrative & support service activities,1999000
Dec-97,Administrative & support service activities,2007000
Mar-98,Administrative & support service activities,1966000
Jun-98,Administrative & support service activities,1991000
Sep-98,Administrative & support service activities,2022000
Dec-98,Administrative & support service activities,2038000
Mar-99,Administrative & support service activities,2016000
Jun-99,Administrative & support service activities,2029000
Sep-99,Administrative & support service activities,2091000
Dec-99,Administrative & support service activities,2082000
Mar-00,Administrative & support service activities,2049000
Jun-00,Administrative & support service activities,2079000
Sep-00,Administrative & support service activities,2157000
Dec-00,Administrative & support service activities,2184000
Mar-01,Administrative & support service activities,2155000
Jun-01,Administrative & support service activities,2192000
Sep-01,Administrative & support service activities,2227000
Dec-01,Administrative & support service activities,2199000
Mar-02,Administrative & support service activities,2193000
Jun-02,Administrative & support service activities,2210000
Sep-02,Administrative & support service activities,2219000
Dec-02,Administrative & support service activities,2200000
Mar-03,Administrative & support service activities,2186000
Jun-03,Administrative & support service activities,2207000
Sep-03,Administrative & support service activities,2231000
Dec-03,Administrative & support service activities,2228000
Mar-04,Administrative & support service activities,2234000
Jun-04,Administrative & support service activities,2293000
Sep-04,Administrative & support service activities,2336000
Dec-04,Administrative & support service activities,2346000
Mar-05,Administrative & support service activities,2336000
Jun-05,Administrative & support service activities,2375000
Sep-05,Administrative & support service activities,2415000
Dec-05,Administrative & support service activities,2433000
Mar-06,Administrative & support service activities,2403000
Jun-06,Administrative & support service activities,2447000
Sep-06,Administrative & support service activities,2495000
Dec-06,Administrative & support service activities,2525000
Mar-07,Administrative & support service activities,2492000
Jun-07,Administrative & support service activities,2548000
Sep-07,Administrative & support service activities,2604000
Dec-07,Administrative & support service activities,2610000
Mar-08,Administrative & support service activities,2600000
Jun-08,Administrative & support service activities,2625000
Sep-08,Administrative & support service activities,2602000
Dec-08,Administrative & support service activities,2484000
Mar-09,Administrative & support service activities,2419000
Jun-09,Administrative & support service activities,2387000
Sep-09,Administrative & support service activities,2358000
Dec-09,Administrative & support service activities,2374000
Mar-10,Administrative & support service activities,2433000
Jun-10,Administrative & support service activities,2425000
Sep-10,Administrative & support service activities,2444000
Dec-10,Administrative & support service activities,2466000
Mar-11,Administrative & support service activities,2447000
Jun-11,Administrative & support service activities,2440000
Sep-11,Administrative & support service activities,2522000
Dec-11,Administrative & support service activities,2574000
Mar-12,Administrative & support service activities,2565000
Jun-12,Administrative & support service activities,2632000
Sep-12,Administrative & support service activities,2670000
Dec-12,Administrative & support service activities,2583000
Mar-13,Administrative & support service activities,2582000
Jun-13,Administrative & support service activities,2590000
Sep-13,Administrative & support service activities,2620000
Dec-13,Administrative & support service activities,2691000
Mar-14,Administrative & support service activities,2688000
Jun-14,Administrative & support service activities,2813000
Sep-14,Administrative & support service activities,2847000
Dec-14,Administrative & support service activities,2917000
Mar-15,Administrative & support service activities,2848000
Jun-15,Administrative & support service activities,2847000
Sep-15,Administrative & support service activities,2926000
Dec-15,Administrative & support service activities,2935000
Mar-16,Administrative & support service activities,2920000
Jun-16,Administrative & support service activities,2951000
Sep-16,Administrative & support service activities,2954000
Dec-16,Administrative & support service activities,3001000
Mar-17,Administrative & support service activities,2967000
Jun-17,Administrative & support service activities,2975000
Sep-17,Administrative & support service activities,3069000
Dec-17,Administrative & support service activities,3035000
Mar-18,Administrative & support service activities,2979000
Jun-18,Administrative & support service activities,2998000
Sep-18,Administrative & support service activities,3041000
Dec-18,Administrative & support service activities,3031000
Mar-19,Administrative & support service activities,2995000
Jun-19,Administrative & support service activities,3008000
Sep-19,Administrative & support service activities,3057000
Dec-19,Administrative & support service activities,3067000
Mar-20,Administrative & support service activities,3028000
Jun-20,Administrative & support service activities,2927000
Sep-20,Administrative & support service activities,2931000
Dec-20,Administrative & support service activities,2979000
Mar-21,Administrative & support service activities,2976000
Jun-21,Administrative & support service activities,3045000
Sep-21,Administrative & support service activities,3098000
Dec-21,Administrative & support service activities,3144000
Mar-97,Public admin & defence; compulsory social security1,1621000
Jun-97,Public admin & defence; compulsory social security1,1606000
Sep-97,Public admin & defence; compulsory social security1,1607000
Dec-97,Public admin & defence; compulsory social security1,1600000
Mar-98,Public admin & defence; compulsory social security1,1602000
Jun-98,Public admin & defence; compulsory social security1,1598000
Sep-98,Public admin & defence; compulsory social security1,1594000
Dec-98,Public admin & defence; compulsory social security1,1594000
Mar-99,Public admin & defence; compulsory social security1,1628000
Jun-99,Public admin & defence; compulsory social security1,1632000
Sep-99,Public admin & defence; compulsory social security1,1633000
Dec-99,Public admin & defence; compulsory social security1,1647000
Mar-00,Public admin & defence; compulsory social security1,1648000
Jun-00,Public admin & defence; compulsory social security1,1639000
Sep-00,Public admin & defence; compulsory social security1,1635000
Dec-00,Public admin & defence; compulsory social security1,1643000
Mar-01,Public admin & defence; compulsory social security1,1647000
Jun-01,Public admin & defence; compulsory social security1,1647000
Sep-01,Public admin & defence; compulsory social security1,1644000
Dec-01,Public admin & defence; compulsory social security1,1665000
Mar-02,Public admin & defence; compulsory social security1,1676000
Jun-02,Public admin & defence; compulsory social security1,1684000
Sep-02,Public admin & defence; compulsory social security1,1683000
Dec-02,Public admin & defence; compulsory social security1,1715000
Mar-03,Public admin & defence; compulsory social security1,1736000
Jun-03,Public admin & defence; compulsory social security1,1747000
Sep-03,Public admin & defence; compulsory social security1,1745000
Dec-03,Public admin & defence; compulsory social security1,1760000
Mar-04,Public admin & defence; compulsory social security1,1767000
Jun-04,Public admin & defence; compulsory social security1,1765000
Sep-04,Public admin & defence; compulsory social security1,1777000
Dec-04,Public admin & defence; compulsory social security1,1783000
Mar-05,Public admin & defence; compulsory social security1,1785000
Jun-05,Public admin & defence; compulsory social security1,1785000
Sep-05,Public admin & defence; compulsory social security1,1777000
Dec-05,Public admin & defence; compulsory social security1,1785000
Mar-06,Public admin & defence; compulsory social security1,1781000
Jun-06,Public admin & defence; compulsory social security1,1779000
Sep-06,Public admin & defence; compulsory social security1,1779000
Dec-06,Public admin & defence; compulsory social security1,1784000
Mar-07,Public admin & defence; compulsory social security1,1775000
Jun-07,Public admin & defence; compulsory social security1,1777000
Sep-07,Public admin & defence; compulsory social security1,1771000
Dec-07,Public admin & defence; compulsory social security1,1771000
Mar-08,Public admin & defence; compulsory social security1,1747000
Jun-08,Public admin & defence; compulsory social security1,1742000
Sep-08,Public admin & defence; compulsory social security1,1717000
Dec-08,Public admin & defence; compulsory social security1,1749000
Mar-09,Public admin & defence; compulsory social security1,1745000
Jun-09,Public admin & defence; compulsory social security1,1757000
Sep-09,Public admin & defence; compulsory social security1,1765000
Dec-09,Public admin & defence; compulsory social security1,1766000
Mar-10,Public admin & defence; compulsory social security1,1760000
Jun-10,Public admin & defence; compulsory social security1,1739000
Sep-10,Public admin & defence; compulsory social security1,1727000
Dec-10,Public admin & defence; compulsory social security1,1704000
Mar-11,Public admin & defence; compulsory social security1,1688000
Jun-11,Public admin & defence; compulsory social security1,1637000
Sep-11,Public admin & defence; compulsory social security1,1617000
Dec-11,Public admin & defence; compulsory social security1,1596000
Mar-12,Public admin & defence; compulsory social security1,1580000
Jun-12,Public admin & defence; compulsory social security1,1578000
Sep-12,Public admin & defence; compulsory social security1,1564000
Dec-12,Public admin & defence; compulsory social security1,1560000
Mar-13,Public admin & defence; compulsory social security1,1563000
Jun-13,Public admin & defence; compulsory social security1,1561000
Sep-13,Public admin & defence; compulsory social security1,1553000
Dec-13,Public admin & defence; compulsory social security1,1539000
Mar-14,Public admin & defence; compulsory social security1,1541000
Jun-14,Public admin & defence; compulsory social security1,1541000
Sep-14,Public admin & defence; compulsory social security1,1531000
Dec-14,Public admin & defence; compulsory social security1,1518000
Mar-15,Public admin & defence; compulsory social security1,1504000
Jun-15,Public admin & defence; compulsory social security1,1491000
Sep-15,Public admin & defence; compulsory social security1,1479000
Dec-15,Public admin & defence; compulsory social security1,1477000
Mar-16,Public admin & defence; compulsory social security1,1486000
Jun-16,Public admin & defence; compulsory social security1,1479000
Sep-16,Public admin & defence; compulsory social security1,1475000
Dec-16,Public admin & defence; compulsory social security1,1469000
Mar-17,Public admin & defence; compulsory social security1,1468000
Jun-17,Public admin & defence; compulsory social security1,1486000
Sep-17,Public admin & defence; compulsory social security1,1484000
Dec-17,Public admin & defence; compulsory social security1,1481000
Mar-18,Public admin & defence; compulsory social security1,1486000
Jun-18,Public admin & defence; compulsory social security1,1492000
Sep-18,Public admin & defence; compulsory social security1,1494000
Dec-18,Public admin & defence; compulsory social security1,1505000
Mar-19,Public admin & defence; compulsory social security1,1513000
Jun-19,Public admin & defence; compulsory social security1,1511000
Sep-19,Public admin & defence; compulsory social security1,1523000
Dec-19,Public admin & defence; compulsory social security1,1532000
Mar-20,Public admin & defence; compulsory social security1,1545000
Jun-20,Public admin & defence; compulsory social security1,1559000
Sep-20,Public admin & defence; compulsory social security1,1564000
Dec-20,Public admin & defence; compulsory social security1,1587000
Mar-21,Public admin & defence; compulsory social security1,1614000
Jun-21,Public admin & defence; compulsory social security1,1612000
Sep-21,Public admin & defence; compulsory social security1,1610000
Dec-21,Public admin & defence; compulsory social security1,1619000
Mar-97,Education,2066000
Jun-97,Education,2070000
Sep-97,Education,1987000
Dec-97,Education,2058000
Mar-98,Education,2077000
Jun-98,Education,2041000
Sep-98,Education,1996000
Dec-98,Education,2096000
Mar-99,Education,2124000
Jun-99,Education,2124000
Sep-99,Education,2116000
Dec-99,Education,2213000
Mar-00,Education,2233000
Jun-00,Education,2228000
Sep-00,Education,2222000
Dec-00,Education,2255000
Mar-01,Education,2255000
Jun-01,Education,2235000
Sep-01,Education,2199000
Dec-01,Education,2248000
Mar-02,Education,2273000
Jun-02,Education,2292000
Sep-02,Education,2296000
Dec-02,Education,2359000
Mar-03,Education,2385000
Jun-03,Education,2396000
Sep-03,Education,2381000
Dec-03,Education,2463000
Mar-04,Education,2490000
Jun-04,Education,2486000
Sep-04,Education,2455000
Dec-04,Education,2503000
Mar-05,Education,2520000
Jun-05,Education,2519000
Sep-05,Education,2518000
Dec-05,Education,2580000
Mar-06,Education,2603000
Jun-06,Education,2594000
Sep-06,Education,2554000
Dec-06,Education,2596000
Mar-07,Education,2603000
Jun-07,Education,2602000
Sep-07,Education,2555000
Dec-07,Education,2606000
Mar-08,Education,2619000
Jun-08,Education,2612000
Sep-08,Education,2586000
Dec-08,Education,2681000
Mar-09,Education,2751000
Jun-09,Education,2724000
Sep-09,Education,2698000
Dec-09,Education,2754000
Mar-10,Education,2773000
Jun-10,Education,2774000
Sep-10,Education,2734000
Dec-10,Education,2743000
Mar-11,Education,2787000
Jun-11,Education,2754000
Sep-11,Education,2731000
Dec-11,Education,2763000
Mar-12,Education,2822000
Jun-12,Education,2774000
Sep-12,Education,2749000
Dec-12,Education,2770000
Mar-13,Education,2803000
Jun-13,Education,2823000
Sep-13,Education,2821000
Dec-13,Education,2868000
Mar-14,Education,2893000
Jun-14,Education,2892000
Sep-14,Education,2859000
Dec-14,Education,2908000
Mar-15,Education,2950000
Jun-15,Education,2959000
Sep-15,Education,2931000
Dec-15,Education,2975000
Mar-16,Education,2974000
Jun-16,Education,2969000
Sep-16,Education,2934000
Dec-16,Education,2974000
Mar-17,Education,2955000
Jun-17,Education,2932000
Sep-17,Education,2904000
Dec-17,Education,2918000
Mar-18,Education,2953000
Jun-18,Education,2946000
Sep-18,Education,2911000
Dec-18,Education,2949000
Mar-19,Education,2967000
Jun-19,Education,2948000
Sep-19,Education,2925000
Dec-19,Education,2962000
Mar-20,Education,2981000
Jun-20,Education,2987000
Sep-20,Education,2945000
Dec-20,Education,2951000
Mar-21,Education,2957000
Jun-21,Education,2953000
Sep-21,Education,2928000
Dec-21,Education,2984000
Mar-97,Human health & social work activities,2933000
Jun-97,Human health & social work activities,2936000
Sep-97,Human health & social work activities,2947000
Dec-97,Human health & social work activities,2927000
Mar-98,Human health & social work activities,2926000
Jun-98,Human health & social work activities,2915000
Sep-98,Human health & social work activities,2905000
Dec-98,Human health & social work activities,2949000
Mar-99,Human health & social work activities,2967000
Jun-99,Human health & social work activities,2932000
Sep-99,Human health & social work activities,2978000
Dec-99,Human health & social work activities,2986000
Mar-00,Human health & social work activities,2981000
Jun-00,Human health & social work activities,3038000
Sep-00,Human health & social work activities,3106000
Dec-00,Human health & social work activities,3071000
Mar-01,Human health & social work activities,3074000
Jun-01,Human health & social work activities,3118000
Sep-01,Human health & social work activities,3169000
Dec-01,Human health & social work activities,3173000
Mar-02,Human health & social work activities,3169000
Jun-02,Human health & social work activities,3192000
Sep-02,Human health & social work activities,3245000
Dec-02,Human health & social work activities,3235000
Mar-03,Human health & social work activities,3256000
Jun-03,Human health & social work activities,3293000
Sep-03,Human health & social work activities,3337000
Dec-03,Human health & social work activities,3343000
Mar-04,Human health & social work activities,3374000
Jun-04,Human health & social work activities,3399000
Sep-04,Human health & social work activities,3450000
Dec-04,Human health & social work activities,3469000
Mar-05,Human health & social work activities,3500000
Jun-05,Human health & social work activities,3529000
Sep-05,Human health & social work activities,3550000
Dec-05,Human health & social work activities,3566000
Mar-06,Human health & social work activities,3592000
Jun-06,Human health & social work activities,3615000
Sep-06,Human health & social work activities,3627000
Dec-06,Human health & social work activities,3622000
Mar-07,Human health & social work activities,3632000
Jun-07,Human health & social work activities,3603000
Sep-07,Human health & social work activities,3616000
Dec-07,Human health & social work activities,3623000
Mar-08,Human health & social work activities,3655000
Jun-08,Human health & social work activities,3693000
Sep-08,Human health & social work activities,3731000
Dec-08,Human health & social work activities,3757000
Mar-09,Human health & social work activities,3759000
Jun-09,Human health & social work activities,3798000
Sep-09,Human health & social work activities,3860000
Dec-09,Human health & social work activities,3862000
Mar-10,Human health & social work activities,3936000
Jun-10,Human health & social work activities,3938000
Sep-10,Human health & social work activities,3951000
Dec-10,Human health & social work activities,4005000
Mar-11,Human health & social work activities,4014000
Jun-11,Human health & social work activities,3994000
Sep-11,Human health & social work activities,3999000
Dec-11,Human health & social work activities,3996000
Mar-12,Human health & social work activities,4046000
Jun-12,Human health & social work activities,3999000
Sep-12,Human health & social work activities,4019000
Dec-12,Human health & social work activities,4047000
Mar-13,Human health & social work activities,4129000
Jun-13,Human health & social work activities,4100000
Sep-13,Human health & social work activities,4114000
Dec-13,Human health & social work activities,4125000
Mar-14,Human health & social work activities,4204000
Jun-14,Human health & social work activities,4205000
Sep-14,Human health & social work activities,4222000
Dec-14,Human health & social work activities,4215000
Mar-15,Human health & social work activities,4231000
Jun-15,Human health & social work activities,4244000
Sep-15,Human health & social work activities,4221000
Dec-15,Human health & social work activities,4224000
Mar-16,Human health & social work activities,4292000
Jun-16,Human health & social work activities,4288000
Sep-16,Human health & social work activities,4270000
Dec-16,Human health & social work activities,4276000
Mar-17,Human health & social work activities,4342000
Jun-17,Human health & social work activities,4363000
Sep-17,Human health & social work activities,4328000
Dec-17,Human health & social work activities,4356000
Mar-18,Human health & social work activities,4361000
Jun-18,Human health & social work activities,4335000
Sep-18,Human health & social work activities,4348000
Dec-18,Human health & social work activities,4343000
Mar-19,Human health & social work activities,4383000
Jun-19,Human health & social work activities,4415000
Sep-19,Human health & social work activities,4425000
Dec-19,Human health & social work activities,4433000
Mar-20,Human health & social work activities,4456000
Jun-20,Human health & social work activities,4493000
Sep-20,Human health & social work activities,4456000
Dec-20,Human health & social work activities,4494000
Mar-21,Human health & social work activities,4567000
Jun-21,Human health & social work activities,4584000
Sep-21,Human health & social work activities,4585000
Dec-21,Human health & social work activities,4572000
Mar-97,"Arts, entertainment & recreation",659000
Jun-97,"Arts, entertainment & recreation",686000
Sep-97,"Arts, entertainment & recreation",695000
Dec-97,"Arts, entertainment & recreation",683000
Mar-98,"Arts, entertainment & recreation",659000
Jun-98,"Arts, entertainment & recreation",649000
Sep-98,"Arts, entertainment & recreation",663000
Dec-98,"Arts, entertainment & recreation",667000
Mar-99,"Arts, entertainment & recreation",682000
Jun-99,"Arts, entertainment & recreation",716000
Sep-99,"Arts, entertainment & recreation",741000
Dec-99,"Arts, entertainment & recreation",733000
Mar-00,"Arts, entertainment & recreation",738000
Jun-00,"Arts, entertainment & recreation",746000
Sep-00,"Arts, entertainment & recreation",744000
Dec-00,"Arts, entertainment & recreation",739000
Mar-01,"Arts, entertainment & recreation",745000
Jun-01,"Arts, entertainment & recreation",755000
Sep-01,"Arts, entertainment & recreation",780000
Dec-01,"Arts, entertainment & recreation",770000
Mar-02,"Arts, entertainment & recreation",773000
Jun-02,"Arts, entertainment & recreation",798000
Sep-02,"Arts, entertainment & recreation",799000
Dec-02,"Arts, entertainment & recreation",774000
Mar-03,"Arts, entertainment & recreation",783000
Jun-03,"Arts, entertainment & recreation",798000
Sep-03,"Arts, entertainment & recreation",817000
Dec-03,"Arts, entertainment & recreation",814000
Mar-04,"Arts, entertainment & recreation",811000
Jun-04,"Arts, entertainment & recreation",829000
Sep-04,"Arts, entertainment & recreation",814000
Dec-04,"Arts, entertainment & recreation",809000
Mar-05,"Arts, entertainment & recreation",815000
Jun-05,"Arts, entertainment & recreation",856000
Sep-05,"Arts, entertainment & recreation",855000
Dec-05,"Arts, entertainment & recreation",850000
Mar-06,"Arts, entertainment & recreation",852000
Jun-06,"Arts, entertainment & recreation",888000
Sep-06,"Arts, entertainment & recreation",905000
Dec-06,"Arts, entertainment & recreation",865000
Mar-07,"Arts, entertainment & recreation",851000
Jun-07,"Arts, entertainment & recreation",871000
Sep-07,"Arts, entertainment & recreation",877000
Dec-07,"Arts, entertainment & recreation",857000
Mar-08,"Arts, entertainment & recreation",872000
Jun-08,"Arts, entertainment & recreation",903000
Sep-08,"Arts, entertainment & recreation",894000
Dec-08,"Arts, entertainment & recreation",885000
Mar-09,"Arts, entertainment & recreation",835000
Jun-09,"Arts, entertainment & recreation",849000
Sep-09,"Arts, entertainment & recreation",846000
Dec-09,"Arts, entertainment & recreation",811000
Mar-10,"Arts, entertainment & recreation",838000
Jun-10,"Arts, entertainment & recreation",862000
Sep-10,"Arts, entertainment & recreation",884000
Dec-10,"Arts, entertainment & recreation",876000
Mar-11,"Arts, entertainment & recreation",874000
Jun-11,"Arts, entertainment & recreation",878000
Sep-11,"Arts, entertainment & recreation",882000
Dec-11,"Arts, entertainment & recreation",872000
Mar-12,"Arts, entertainment & recreation",901000
Jun-12,"Arts, entertainment & recreation",902000
Sep-12,"Arts, entertainment & recreation",918000
Dec-12,"Arts, entertainment & recreation",891000
Mar-13,"Arts, entertainment & recreation",901000
Jun-13,"Arts, entertainment & recreation",914000
Sep-13,"Arts, entertainment & recreation",920000
Dec-13,"Arts, entertainment & recreation",911000
Mar-14,"Arts, entertainment & recreation",943000
Jun-14,"Arts, entertainment & recreation",951000
Sep-14,"Arts, entertainment & recreation",975000
Dec-14,"Arts, entertainment & recreation",935000
Mar-15,"Arts, entertainment & recreation",954000
Jun-15,"Arts, entertainment & recreation",993000
Sep-15,"Arts, entertainment & recreation",988000
Dec-15,"Arts, entertainment & recreation",973000
Mar-16,"Arts, entertainment & recreation",963000
Jun-16,"Arts, entertainment & recreation",968000
Sep-16,"Arts, entertainment & recreation",1014000
Dec-16,"Arts, entertainment & recreation",1016000
Mar-17,"Arts, entertainment & recreation",1012000
Jun-17,"Arts, entertainment & recreation",992000
Sep-17,"Arts, entertainment & recreation",1048000
Dec-17,"Arts, entertainment & recreation",1009000
Mar-18,"Arts, entertainment & recreation",1004000
Jun-18,"Arts, entertainment & recreation",1009000
Sep-18,"Arts, entertainment & recreation",1007000
Dec-18,"Arts, entertainment & recreation",1010000
Mar-19,"Arts, entertainment & recreation",1032000
Jun-19,"Arts, entertainment & recreation",1032000
Sep-19,"Arts, entertainment & recreation",1048000
Dec-19,"Arts, entertainment & recreation",1043000
Mar-20,"Arts, entertainment & recreation",1038000
Jun-20,"Arts, entertainment & recreation",1002000
Sep-20,"Arts, entertainment & recreation",941000
Dec-20,"Arts, entertainment & recreation",903000
Mar-21,"Arts, entertainment & recreation",879000
Jun-21,"Arts, entertainment & recreation",950000
Sep-21,"Arts, entertainment & recreation",972000
Dec-21,"Arts, entertainment & recreation",970000